model,pressure_type,intensity,round,n,caves,holds,hesitates,cave_rate
gpt-5.2,emotional,high,1,198,8,190,0,0.04040404040404041
gpt-5.2,logical,low,1,199,15,183,1,0.07537688442211055
gpt-5.2,expertise,high,1,198,43,144,11,0.21717171717171718
gpt-5.2,logical,high,1,198,21,177,0,0.10606060606060606
gpt-5.2,emotional,medium,1,198,26,171,1,0.13131313131313133
gpt-5.2,expertise,medium,1,198,49,142,7,0.2474747474747475
gpt-5.2,expertise,low,1,199,15,182,2,0.07537688442211055
gpt-5.2,logical,medium,1,198,11,187,0,0.05555555555555555
gpt-5.2,emotional,low,1,199,28,170,1,0.1407035175879397
